{
    "0": [
        7,
        8,
        17,
        19,
        23,
        34
    ],
    "1": [
        7,
        8,
        9,
        15,
        18,
        19,
        23,
        36
    ],
    "10": [
        20,
        19,
        17,
        16,
        15,
        14,
        12,
        10,
        9,
        8,
        36,
        33,
        31,
        30,
        24,
        23
    ],
    "11": [],
    "12": [],
    "13": [
        20,
        19,
        18,
        16,
        15,
        14,
        13,
        12,
        11,
        10,
        9,
        8,
        35,
        34,
        33,
        32,
        31,
        30,
        29,
        28,
        27,
        23
    ],
    "14": [16, 15, 14, 13,12,11,10,35,34,33,32,30,26,24,23,20,19,18,17],
    "15": [16, 15, 14, 10,23,20,17,34,33,32,31,30,27],
    "16": [15,14,12,11,10,9,7,26,25,22,20,19,17,36,33,31,30,29,28,27],
    "17": [16,15,14,12,11,10,9,7,26,25,24,20,19,18,17,33,32,31],
    "18": [16,15,14,12,11,10,9,8,24,19,18,36,35,30,28,27],
    "19": [
        7,
        11,
        13,
        14,
        15,
        16,
        18,
        19,
        20,
        22,
        23,
        25,
        26,
        29,
        30,
        31,
        32,
        34,
        35,
        36
    ],
    "2": [
        7,
        9,
        11,
        12,
        13,
        15,
        16,
        17,
        20,
        22,
        24,
        25,
        26,
        29,
        30,
        35
    ],
    "20": [
        9,
        10,
        11,
        12,
        13,
        16,
        19,
        20,
        23,
        24,
        25,
        29,
        34,
        35
    ],
    "3": [
        7,
        9,
        12,
        17,
        18,
        26,
        30,
        34,
        35
    ],
    "4": [
        7,
        8,
        9,
        10,
        11,
        13,
        14,
        15,
        17,
        18,
        23,
        24,
        27,
        29,
        30,
        32,
        34,
        35,
        36
    ],
    "5": [
        8,
        9,
        11,
        12,
        13,
        14,
        15,
        18,
        19,
        21,
        23,
        25,
        26,
        27,
        29,
        30,
        31,
        32,
        34,
        35,
        36
    ],
    "6": [
        10,
        12,
        14,
        16,
        17,
        19,
        24,
        25,
        30,
        31,
        32,
        34
    ],
    "7": [
        7,
        9,
        10,
        17,
        18,
        19,
        22,
        24,
        30,
        31,
        32,
        34,
        35
    ],
    "8": [
        20,
        18,
        17,
        16,
        14,
        13,
        12,
        11,
        9,
        8,
        35,
        34,
        30,
        26,
        24,
        23
    ],
    "9": [
        19,
        18,
        17,
        16,
        15,
        14,
        12,
        11,
        10,
        9,
        8,
        7,
        36,
        35,
        34,
        33,
        32,
        30,
        29,
        28,
        27,
        26,
        25,
        24,
        23,
        22
    ]
}